Category,Product/Service,Link
ðŸ§  Psychedelic Therapies,Mindbloom (at-home ketamine therapy),mindbloom.com
,Field Trip Health (ketamine clinics),fieldtriphealth.com
,"Nue Life (telemedicine ketamine & integration coaching)

https://get.helloinnerwell.com/",nue.life
ðŸ’† Massage Tools,Theragun (Therabody percussive therapy),therabody.com
,Hyperice Hypervolt (massage gun),hyperice.com
,Naipo / Zyllion Shiatsu Massagers,Amazon
ðŸ’» Software,Function Health (labs + AI diagnostics),functionhealth.com
,Superpower (AI health optimization),superpower.health
,BetterHelp (online therapy platform),betterhelp.com
âŒš Wearables,Oura Ring (sleep + recovery tracking),ouraring.com
,WHOOP Band (fitness & recovery),whoop.com
,Levels Health (continuous glucose monitor),levelshealth.com
,Apple Watch (Series 9 / Ultra),apple.com
âš¡ Nerve Stimulators,gammaCore (vagus stimulator for migraine),gammacore.com
,Fisher Wallace Stimulator (neurostimulation for mood/sleep),fisherwallace.com
,Apollo Neuro (vibration-based vagus stimulation),apolloneuro.com